Layer_Number,Variable,Comparision,difference,pvalue,signif.,LCL,UCL,Layer,Depth_Top,Depth_Bottom,Depth_Range,Layer_Name,Layer_Number_Text
0,hMean,NT-CC - NT-NO,-79.375,0.5622, ,-284.14959860343674,125.39959860343674,Layer_0,0,100,0 - 100 cm,Entire,Entire (0-100 cm)
0,hMean,NT-CC - ST-CC,-56.32500000000027,0.6798, ,-261.099598603437,148.44959860343647,Layer_0,0,100,0 - 100 cm,Entire,Entire (0-100 cm)
0,hMean,NT-CC - ST-NO,-170.60000000000036,0.2243, ,-375.3745986034371,34.17459860343638,Layer_0,0,100,0 - 100 cm,Entire,Entire (0-100 cm)
0,hMean,NT-NO - ST-CC,23.049999999999727,0.8654, ,-181.72459860343702,227.82459860343647,Layer_0,0,100,0 - 100 cm,Entire,Entire (0-100 cm)
0,hMean,NT-NO - ST-NO,-91.22500000000036,0.5063, ,-295.9995986034371,113.54959860343638,Layer_0,0,100,0 - 100 cm,Entire,Entire (0-100 cm)
0,hMean,ST-CC - ST-NO,-114.27500000000009,0.4076, ,-319.04959860343683,90.49959860343665,Layer_0,0,100,0 - 100 cm,Entire,Entire (0-100 cm)
0,th,NT-CC - NT-NO,-0.0022794262134014642,0.568, ,-0.00824960789212701,0.0036907554653240826,Layer_0,0,100,0 - 100 cm,Entire,Entire (0-100 cm)
0,th,NT-CC - ST-CC,-0.003180880330123814,0.4285, ,-0.00915106200884936,0.0027893013486017327,Layer_0,0,100,0 - 100 cm,Entire,Entire (0-100 cm)
0,th,NT-CC - ST-NO,5.133621536647648e-4,0.897, ,-0.005456819525060782,0.006483543832390312,Layer_0,0,100,0 - 100 cm,Entire,Entire (0-100 cm)
0,th,NT-NO - ST-CC,-9.0145411672235e-4,0.8203, ,-0.006871635795447897,0.005068727562003197,Layer_0,0,100,0 - 100 cm,Entire,Entire (0-100 cm)
0,th,NT-NO - ST-NO,0.002792788367066229,0.4856, ,-0.003177393311659318,0.008762970045791775,Layer_0,0,100,0 - 100 cm,Entire,Entire (0-100 cm)
0,th,ST-CC - ST-NO,0.003694242483788579,0.36, ,-0.002275939194936968,0.009664424162514125,Layer_0,0,100,0 - 100 cm,Entire,Entire (0-100 cm)
0,th.diff,NT-CC - NT-NO,-1.9895853802318758e-4,0.4579, ,-5.978807852670459e-4,1.999637092206708e-4,Layer_0,0,100,0 - 100 cm,Entire,Entire (0-100 cm)
0,th.diff,NT-CC - ST-CC,-1.277264688543875e-4,0.6313, ,-5.266487160982458e-4,2.711957783894709e-4,Layer_0,0,100,0 - 100 cm,Entire,Entire (0-100 cm)
0,th.diff,NT-CC - ST-NO,-1.2281391235999944e-4,0.6444, ,-5.217361596038578e-4,2.7610833488385893e-4,Layer_0,0,100,0 - 100 cm,Entire,Entire (0-100 cm)
0,th.diff,NT-NO - ST-CC,7.12320691688001e-5,0.7883, ,-3.276901780750583e-4,4.7015431641265847e-4,Layer_0,0,100,0 - 100 cm,Entire,Entire (0-100 cm)
0,th.diff,NT-NO - ST-NO,7.614462566318814e-5,0.7741, ,-3.2277762158067024e-4,4.750668729070465e-4,Layer_0,0,100,0 - 100 cm,Entire,Entire (0-100 cm)
0,th.diff,ST-CC - ST-NO,4.912556494388043e-6,0.9852, ,-3.9400969074947033e-4,4.038348037382464e-4,Layer_0,0,100,0 - 100 cm,Entire,Entire (0-100 cm)
0,VolumeW,NT-CC - NT-NO,-0.22792559751431796,0.568, ,-0.8248991772653287,0.3690479822366928,Layer_0,0,100,0 - 100 cm,Entire,Entire (0-100 cm)
0,VolumeW,NT-CC - ST-CC,-0.31806427670371207,0.4285, ,-0.9150378564547228,0.27890930304729866,Layer_0,0,100,0 - 100 cm,Entire,Entire (0-100 cm)
0,VolumeW,NT-CC - ST-NO,0.051332381336738564,0.897, ,-0.5456411984142722,0.6483059610877493,Layer_0,0,100,0 - 100 cm,Entire,Entire (0-100 cm)
0,VolumeW,NT-NO - ST-CC,-0.09013867918939411,0.8203, ,-0.6871122589404048,0.5068349005616166,Layer_0,0,100,0 - 100 cm,Entire,Entire (0-100 cm)
0,VolumeW,NT-NO - ST-NO,0.2792579788510565,0.4856, ,-0.3177156008999542,0.8762315586020673,Layer_0,0,100,0 - 100 cm,Entire,Entire (0-100 cm)
0,VolumeW,ST-CC - ST-NO,0.36939665804045063,0.36, ,-0.2275769217105601,0.9663702377914614,Layer_0,0,100,0 - 100 cm,Entire,Entire (0-100 cm)
0,wv.diff,NT-CC - NT-NO,-0.019894367886486464,0.4579, ,-0.05978361327211741,0.019994877499144484,Layer_0,0,100,0 - 100 cm,Entire,Entire (0-100 cm)
0,wv.diff,NT-CC - ST-CC,-0.01277169296416547,0.6313, ,-0.05266093834979642,0.027117552421465477,Layer_0,0,100,0 - 100 cm,Entire,Entire (0-100 cm)
0,wv.diff,NT-CC - ST-NO,-0.01228047400400456,0.6444, ,-0.05216971938963551,0.027608771381626387,Layer_0,0,100,0 - 100 cm,Entire,Entire (0-100 cm)
0,wv.diff,NT-NO - ST-CC,0.007122674922320993,0.7883, ,-0.032766570463309955,0.04701192030795194,Layer_0,0,100,0 - 100 cm,Entire,Entire (0-100 cm)
0,wv.diff,NT-NO - ST-NO,0.007613893882481904,0.7741, ,-0.032275351503149044,0.04750313926811285,Layer_0,0,100,0 - 100 cm,Entire,Entire (0-100 cm)
0,wv.diff,ST-CC - ST-NO,4.912189601609107e-4,0.9852, ,-0.03939802642547004,0.04038046434579186,Layer_0,0,100,0 - 100 cm,Entire,Entire (0-100 cm)
1,hMean,NT-CC - NT-NO,201.24599999999964,0.4538, ,-198.53810555078178,601.0301055507811,Layer_1,0,10,0 - 10 cm,Top,Top (0-10 cm)
1,hMean,NT-CC - ST-CC,137.51674999999977,0.6064, ,-262.26735555078164,537.3008555507812,Layer_1,0,10,0 - 10 cm,Top,Top (0-10 cm)
1,hMean,NT-CC - ST-NO,215.82124999999996,0.4226, ,-183.96285555078146,615.6053555507814,Layer_1,0,10,0 - 10 cm,Top,Top (0-10 cm)
1,hMean,NT-NO - ST-CC,-63.729249999999865,0.8105, ,-463.5133555507813,336.05485555078155,Layer_1,0,10,0 - 10 cm,Top,Top (0-10 cm)
1,hMean,NT-NO - ST-NO,14.575250000000324,0.9562, ,-385.2088555507811,414.35935555078174,Layer_1,0,10,0 - 10 cm,Top,Top (0-10 cm)
1,hMean,ST-CC - ST-NO,78.30450000000019,0.7684, ,-321.47960555078123,478.0886055507816,Layer_1,0,10,0 - 10 cm,Top,Top (0-10 cm)
1,th,NT-CC - NT-NO,0.018993012005017018,0.2166, ,-0.0034018639306714095,0.04138788794070544,Layer_1,0,10,0 - 10 cm,Top,Top (0-10 cm)
1,th,NT-CC - ST-CC,0.002642895538433998,0.859, ,-0.01975198039725443,0.025037771474122426,Layer_1,0,10,0 - 10 cm,Top,Top (0-10 cm)
1,th,NT-CC - ST-NO,0.03186256943200144,0.0492,*,0.009467693496313014,0.054257445367689866,Layer_1,0,10,0 - 10 cm,Top,Top (0-10 cm)
1,th,NT-NO - ST-CC,-0.01635011646658302,0.2835, ,-0.038744992402271444,0.0060447594691054075,Layer_1,0,10,0 - 10 cm,Top,Top (0-10 cm)
1,th,NT-NO - ST-NO,0.012869557426984424,0.3942, ,-0.009525318508704004,0.03526443336267285,Layer_1,0,10,0 - 10 cm,Top,Top (0-10 cm)
1,th,ST-CC - ST-NO,0.029219673893567444,0.0679,.,0.006824797957879016,0.05161454982925587,Layer_1,0,10,0 - 10 cm,Top,Top (0-10 cm)
1,th.diff,NT-CC - NT-NO,0.008972406378785151,0.1121, ,9.233617691093415e-4,0.01702145098846096,Layer_1,0,10,0 - 10 cm,Top,Top (0-10 cm)
1,th.diff,NT-CC - ST-CC,0.004100967568536111,0.4485, ,-0.003948077041139699,0.012150012178211921,Layer_1,0,10,0 - 10 cm,Top,Top (0-10 cm)
1,th.diff,NT-CC - ST-NO,0.009514423938362306,0.0941,.,0.0014653793286864957,0.017563468548038114,Layer_1,0,10,0 - 10 cm,Top,Top (0-10 cm)
1,th.diff,NT-NO - ST-CC,-0.00487143881024904,0.3703, ,-0.01292048341992485,0.0031776057994267696,Layer_1,0,10,0 - 10 cm,Top,Top (0-10 cm)
1,th.diff,NT-NO - ST-NO,5.420175595771543e-4,0.9192, ,-0.007507027050098656,0.008591062169252964,Layer_1,0,10,0 - 10 cm,Top,Top (0-10 cm)
1,th.diff,ST-CC - ST-NO,0.0054134563698261945,0.3214, ,-0.0026355882398496153,0.013462500979502004,Layer_1,0,10,0 - 10 cm,Top,Top (0-10 cm)
1,VolumeW,NT-CC - NT-NO,0.20827683910791217,0.2166, ,-0.0373047448381702,0.45385842305399454,Layer_1,0,10,0 - 10 cm,Top,Top (0-10 cm)
1,VolumeW,NT-CC - ST-CC,0.02898191864945021,0.859, ,-0.21659966529663216,0.2745635025955326,Layer_1,0,10,0 - 10 cm,Top,Top (0-10 cm)
1,VolumeW,NT-CC - ST-NO,0.34940404636192945,0.0492,*,0.10382246241584708,0.5949856303080119,Layer_1,0,10,0 - 10 cm,Top,Top (0-10 cm)
1,VolumeW,NT-NO - ST-CC,-0.17929492045846196,0.2835, ,-0.42487650440454433,0.06628666348762041,Layer_1,0,10,0 - 10 cm,Top,Top (0-10 cm)
1,VolumeW,NT-NO - ST-NO,0.14112720725401728,0.3942, ,-0.10445437669206509,0.38670879120009966,Layer_1,0,10,0 - 10 cm,Top,Top (0-10 cm)
1,VolumeW,ST-CC - ST-NO,0.32042212771247924,0.0679,.,0.07484054376639687,0.5660037116585617,Layer_1,0,10,0 - 10 cm,Top,Top (0-10 cm)
1,wv.diff,NT-CC - NT-NO,0.09839115772008222,0.1121, ,0.010125559367434034,0.1866567560727304,Layer_1,0,10,0 - 10 cm,Top,Top (0-10 cm)
1,wv.diff,NT-CC - ST-CC,0.04497109580266356,0.4485, ,-0.043294502549984626,0.13323669415531175,Layer_1,0,10,0 - 10 cm,Top,Top (0-10 cm)
1,wv.diff,NT-CC - ST-NO,0.1043349071380203,0.0941,.,0.016069308785372105,0.19260050549066848,Layer_1,0,10,0 - 10 cm,Top,Top (0-10 cm)
1,wv.diff,NT-NO - ST-CC,-0.05342006191741866,0.3703, ,-0.14168566027006685,0.03484553643522953,Layer_1,0,10,0 - 10 cm,Top,Top (0-10 cm)
1,wv.diff,NT-NO - ST-NO,0.005943749417938071,0.9192, ,-0.08232184893471012,0.09420934777058626,Layer_1,0,10,0 - 10 cm,Top,Top (0-10 cm)
1,wv.diff,ST-CC - ST-NO,0.05936381133535673,0.3214, ,-0.028901787017291458,0.14762940968800492,Layer_1,0,10,0 - 10 cm,Top,Top (0-10 cm)
2,hMean,NT-CC - NT-NO,106.81975000000011,0.5736, ,-177.10919040066597,390.7486904006662,Layer_2,10,20,10 - 20 cm,Top,Top (10-20 cm)
2,hMean,NT-CC - ST-CC,75.75574999999981,0.6888, ,-208.17319040066627,359.6846904006659,Layer_2,10,20,10 - 20 cm,Top,Top (10-20 cm)
2,hMean,NT-CC - ST-NO,89.96749999999975,0.6348, ,-193.96144040066633,373.8964404006658,Layer_2,10,20,10 - 20 cm,Top,Top (10-20 cm)
2,hMean,NT-NO - ST-CC,-31.064000000000306,0.8692, ,-314.9929404006664,252.86494040066577,Layer_2,10,20,10 - 20 cm,Top,Top (10-20 cm)
2,hMean,NT-NO - ST-NO,-16.852250000000367,0.9288, ,-300.78119040066645,267.0766904006657,Layer_2,10,20,10 - 20 cm,Top,Top (10-20 cm)
2,hMean,ST-CC - ST-NO,14.211749999999938,0.9399, ,-269.71719040066614,298.140690400666,Layer_2,10,20,10 - 20 cm,Top,Top (10-20 cm)
2,th,NT-CC - NT-NO,0.011287336768899758,0.4595, ,-0.011428829185686697,0.03400350272348621,Layer_2,10,20,10 - 20 cm,Top,Top (10-20 cm)
2,th,NT-CC - ST-CC,-0.0012308000200130231,0.935, ,-0.023946965974599478,0.021485365934573432,Layer_2,10,20,10 - 20 cm,Top,Top (10-20 cm)
2,th,NT-CC - ST-NO,0.02410316705858806,0.1287, ,0.0013870011040016048,0.046819333013174515,Layer_2,10,20,10 - 20 cm,Top,Top (10-20 cm)
2,th,NT-NO - ST-CC,-0.012518136788912781,0.4133, ,-0.035234302743499236,0.010198029165673674,Layer_2,10,20,10 - 20 cm,Top,Top (10-20 cm)
2,th,NT-NO - ST-NO,0.012815830289688301,0.4026, ,-0.009900335664898154,0.035531996244274756,Layer_2,10,20,10 - 20 cm,Top,Top (10-20 cm)
2,th,ST-CC - ST-NO,0.025333967078601083,0.112, ,0.002617801124014628,0.04805013303318754,Layer_2,10,20,10 - 20 cm,Top,Top (10-20 cm)
2,th.diff,NT-CC - NT-NO,0.006121478961324867,0.2262, ,-0.001258584868440502,0.013501542791090235,Layer_2,10,20,10 - 20 cm,Top,Top (10-20 cm)
2,th.diff,NT-CC - ST-CC,0.002619202481613049,0.5952, ,-0.004760861348152319,0.009999266311378418,Layer_2,10,20,10 - 20 cm,Top,Top (10-20 cm)
2,th.diff,NT-CC - ST-NO,0.007129634262270472,0.1631, ,-2.504295674948965e-4,0.01450969809203584,Layer_2,10,20,10 - 20 cm,Top,Top (10-20 cm)
2,th.diff,NT-NO - ST-CC,-0.0035022764797118175,0.4795, ,-0.010882340309477186,0.003877787350053551,Layer_2,10,20,10 - 20 cm,Top,Top (10-20 cm)
2,th.diff,NT-NO - ST-NO,0.0010081553009456054,0.8371, ,-0.006371908528819763,0.008388219130710974,Layer_2,10,20,10 - 20 cm,Top,Top (10-20 cm)
2,th.diff,ST-CC - ST-NO,0.004510431780657423,0.3658, ,-0.0028696320491079456,0.011890495610422791,Layer_2,10,20,10 - 20 cm,Top,Top (10-20 cm)
2,VolumeW,NT-CC - NT-NO,0.11081899741213475,0.4595, ,-0.11220816902017472,0.3338461638444442,Layer_2,10,20,10 - 20 cm,Top,Top (10-20 cm)
2,VolumeW,NT-CC - ST-CC,-0.012083986419940018,0.935, ,-0.23511115285224948,0.21094318001236945,Layer_2,10,20,10 - 20 cm,Top,Top (10-20 cm)
2,VolumeW,NT-CC - ST-NO,0.23664473405716224,0.1287, ,0.013617567624852778,0.4596719004894717,Layer_2,10,20,10 - 20 cm,Top,Top (10-20 cm)
2,VolumeW,NT-NO - ST-CC,-0.12290298383207476,0.4133, ,-0.34593015026438423,0.1001241826002347,Layer_2,10,20,10 - 20 cm,Top,Top (10-20 cm)
2,VolumeW,NT-NO - ST-NO,0.1258257366450275,0.4026, ,-0.09720142978728197,0.34885290307733696,Layer_2,10,20,10 - 20 cm,Top,Top (10-20 cm)
2,VolumeW,ST-CC - ST-NO,0.24872872047710226,0.112, ,0.025701554044792796,0.4717558869094117,Layer_2,10,20,10 - 20 cm,Top,Top (10-20 cm)
2,wv.diff,NT-CC - NT-NO,0.06010063977559682,0.2262, ,-0.012356777877219033,0.13255805742841267,Layer_2,10,20,10 - 20 cm,Top,Top (10-20 cm)
2,wv.diff,NT-CC - ST-CC,0.025715312564384807,0.5952, ,-0.046742105088431046,0.09817273021720066,Layer_2,10,20,10 - 20 cm,Top,Top (10-20 cm)
2,wv.diff,NT-CC - ST-NO,0.06999870182282414,0.1631, ,-0.0024587158299917145,0.14245611947564,Layer_2,10,20,10 - 20 cm,Top,Top (10-20 cm)
2,wv.diff,NT-NO - ST-CC,-0.03438532721121201,0.4795, ,-0.10684274486402787,0.03807209044160384,Layer_2,10,20,10 - 20 cm,Top,Top (10-20 cm)
2,wv.diff,NT-NO - ST-NO,0.009898062047227318,0.8371, ,-0.06255935560558853,0.08235547970004317,Layer_2,10,20,10 - 20 cm,Top,Top (10-20 cm)
2,wv.diff,ST-CC - ST-NO,0.04428338925843933,0.3658, ,-0.02817402839437652,0.11674080691125518,Layer_2,10,20,10 - 20 cm,Top,Top (10-20 cm)
3,hMean,NT-CC - NT-NO,-27.991250000000036,0.7057, ,-139.29674007924223,83.31424007924215,Layer_3,20,30,20 - 30 cm,Subsurface,Subsurface (20-30 cm)
3,hMean,NT-CC - ST-CC,-9.664000000000215,0.896, ,-120.9694900792424,101.64149007924198,Layer_3,20,30,20 - 30 cm,Subsurface,Subsurface (20-30 cm)
3,hMean,NT-CC - ST-NO,-63.40800000000013,0.3982, ,-174.71349007924232,47.89749007924206,Layer_3,20,30,20 - 30 cm,Subsurface,Subsurface (20-30 cm)
3,hMean,NT-NO - ST-CC,18.32724999999982,0.8044, ,-92.97824007924237,129.632740079242,Layer_3,20,30,20 - 30 cm,Subsurface,Subsurface (20-30 cm)
3,hMean,NT-NO - ST-NO,-35.41675000000009,0.6334, ,-146.72224007924228,75.8887400792421,Layer_3,20,30,20 - 30 cm,Subsurface,Subsurface (20-30 cm)
3,hMean,ST-CC - ST-NO,-53.743999999999915,0.472, ,-165.0494900792421,57.561490079242276,Layer_3,20,30,20 - 30 cm,Subsurface,Subsurface (20-30 cm)
3,th,NT-CC - NT-NO,-0.038178521915324726,0.1075, ,-0.07193086231442453,-0.004426181516224925,Layer_3,20,30,20 - 30 cm,Subsurface,Subsurface (20-30 cm)
3,th,NT-CC - ST-CC,-0.023485656393302773,0.3056, ,-0.05723799679240257,0.010266684005797028,Layer_3,20,30,20 - 30 cm,Subsurface,Subsurface (20-30 cm)
3,th,NT-CC - ST-NO,-0.02335768369414526,0.3081, ,-0.05711002409324506,0.010394656704954541,Layer_3,20,30,20 - 30 cm,Subsurface,Subsurface (20-30 cm)
3,th,NT-NO - ST-CC,0.014692865522021953,0.5159, ,-0.019059474877077848,0.04844520592112175,Layer_3,20,30,20 - 30 cm,Subsurface,Subsurface (20-30 cm)
3,th,NT-NO - ST-NO,0.014820838221179466,0.5123, ,-0.018931502177920334,0.04857317862027927,Layer_3,20,30,20 - 30 cm,Subsurface,Subsurface (20-30 cm)
3,th,ST-CC - ST-NO,1.2797269915751364e-4,0.9954, ,-0.03362436769994229,0.033880313098257314,Layer_3,20,30,20 - 30 cm,Subsurface,Subsurface (20-30 cm)
3,th.diff,NT-CC - NT-NO,-0.010408446198144385,0.1524, ,-0.020883866034669456,6.697363838068827e-5,Layer_3,20,30,20 - 30 cm,Subsurface,Subsurface (20-30 cm)
3,th.diff,NT-CC - ST-CC,-0.003927162205396177,0.5749, ,-0.01440258204192125,0.006548257631128896,Layer_3,20,30,20 - 30 cm,Subsurface,Subsurface (20-30 cm)
3,th.diff,NT-CC - ST-NO,-0.0031699904020475733,0.65, ,-0.013645410238572646,0.0073054294344774996,Layer_3,20,30,20 - 30 cm,Subsurface,Subsurface (20-30 cm)
3,th.diff,NT-NO - ST-CC,0.0064812839927482074,0.3601, ,-0.0039941358437768654,0.01695670382927328,Layer_3,20,30,20 - 30 cm,Subsurface,Subsurface (20-30 cm)
3,th.diff,NT-NO - ST-NO,0.007238455796096811,0.3088, ,-0.0032369640404282616,0.017713875632621882,Layer_3,20,30,20 - 30 cm,Subsurface,Subsurface (20-30 cm)
3,th.diff,ST-CC - ST-NO,7.571718033486038e-4,0.9133, ,-0.009718248033176469,0.011232591639873677,Layer_3,20,30,20 - 30 cm,Subsurface,Subsurface (20-30 cm)
3,VolumeW,NT-CC - NT-NO,-0.3517127754746818,0.1075, ,-0.6626501487669831,-0.04077540218238057,Layer_3,20,30,20 - 30 cm,Subsurface,Subsurface (20-30 cm)
3,VolumeW,NT-CC - ST-CC,-0.21635739100254714,0.3056, ,-0.5272947642948485,0.09457998228975412,Layer_3,20,30,20 - 30 cm,Subsurface,Subsurface (20-30 cm)
3,VolumeW,NT-CC - ST-NO,-0.21517846549816277,0.3081, ,-0.5261158387904641,0.09575890779413848,Layer_3,20,30,20 - 30 cm,Subsurface,Subsurface (20-30 cm)
3,VolumeW,NT-NO - ST-CC,0.1353553844721347,0.5159, ,-0.17558198882016657,0.44629275776443594,Layer_3,20,30,20 - 30 cm,Subsurface,Subsurface (20-30 cm)
3,VolumeW,NT-NO - ST-NO,0.13653430997651905,0.5123, ,-0.1744030633157822,0.4474716832688203,Layer_3,20,30,20 - 30 cm,Subsurface,Subsurface (20-30 cm)
3,VolumeW,ST-CC - ST-NO,0.001178925504384365,0.9954, ,-0.3097584477879169,0.3121162987966856,Layer_3,20,30,20 - 30 cm,Subsurface,Subsurface (20-30 cm)
3,wv.diff,NT-CC - NT-NO,-0.0958859410232652,0.1524, ,-0.19238886466023014,6.16982613699732e-4,Layer_3,20,30,20 - 30 cm,Subsurface,Subsurface (20-30 cm)
3,wv.diff,NT-CC - ST-CC,-0.03617827641579652,0.5749, ,-0.13268120005276146,0.06032464722116841,Layer_3,20,30,20 - 30 cm,Subsurface,Subsurface (20-30 cm)
3,wv.diff,NT-CC - ST-NO,-0.0292029671815221,0.65, ,-0.12570589081848704,0.06729995645544283,Layer_3,20,30,20 - 30 cm,Subsurface,Subsurface (20-30 cm)
3,wv.diff,NT-NO - ST-CC,0.05970766460746868,0.3601, ,-0.03679525902949625,0.15621058824443362,Layer_3,20,30,20 - 30 cm,Subsurface,Subsurface (20-30 cm)
3,wv.diff,NT-NO - ST-NO,0.0666829738417431,0.3088, ,-0.02981994979522183,0.16318589747870804,Layer_3,20,30,20 - 30 cm,Subsurface,Subsurface (20-30 cm)
3,wv.diff,ST-CC - ST-NO,0.006975309234274418,0.9133, ,-0.08952761440269051,0.10347823287123935,Layer_3,20,30,20 - 30 cm,Subsurface,Subsurface (20-30 cm)
4,hMean,NT-CC - NT-NO,-80.3744999999999,0.4859, ,-252.2904651319265,91.54146513192671,Layer_4,30,40,30 - 40 cm,Subsurface,Subsurface (30-40 cm)
4,hMean,NT-CC - ST-CC,-56.12024999999994,0.6247, ,-228.03621513192655,115.79571513192667,Layer_4,30,40,30 - 40 cm,Subsurface,Subsurface (30-40 cm)
4,hMean,NT-CC - ST-NO,-140.1005,0.234, ,-312.0164651319266,31.8154651319266,Layer_4,30,40,30 - 40 cm,Subsurface,Subsurface (30-40 cm)
4,hMean,NT-NO - ST-CC,24.254249999999956,0.8319, ,-147.66171513192666,196.17021513192657,Layer_4,30,40,30 - 40 cm,Subsurface,Subsurface (30-40 cm)
4,hMean,NT-NO - ST-NO,-59.72600000000011,0.6029, ,-231.64196513192672,112.1899651319265,Layer_4,30,40,30 - 40 cm,Subsurface,Subsurface (30-40 cm)
4,hMean,ST-CC - ST-NO,-83.98025000000007,0.467, ,-255.89621513192668,87.93571513192654,Layer_4,30,40,30 - 40 cm,Subsurface,Subsurface (30-40 cm)
4,th,NT-CC - NT-NO,-0.002420187793427231,0.4669, ,-0.007373382387899778,0.002533006801045316,Layer_4,30,40,30 - 40 cm,Subsurface,Subsurface (30-40 cm)
4,th,NT-CC - ST-CC,-0.0014835680751173752,0.6533, ,-0.006436762669589922,0.0034696265193551717,Layer_4,30,40,30 - 40 cm,Subsurface,Subsurface (30-40 cm)
4,th,NT-CC - ST-NO,-0.003840375586854461,0.2561, ,-0.008793570181327008,0.001112819007618086,Layer_4,30,40,30 - 40 cm,Subsurface,Subsurface (30-40 cm)
4,th,NT-NO - ST-CC,9.366197183098557e-4,0.7762, ,-0.004016574876162691,0.005889814312782403,Layer_4,30,40,30 - 40 cm,Subsurface,Subsurface (30-40 cm)
4,th,NT-NO - ST-NO,-0.00142018779342723,0.6671, ,-0.006373382387899777,0.003533006801045317,Layer_4,30,40,30 - 40 cm,Subsurface,Subsurface (30-40 cm)
4,th,ST-CC - ST-NO,-0.0023568075117370857,0.4783, ,-0.007310002106209633,0.002596387082735461,Layer_4,30,40,30 - 40 cm,Subsurface,Subsurface (30-40 cm)
4,th.diff,NT-CC - NT-NO,-6.877934272300282e-4,0.7654, ,-0.004152539241407523,0.0027769523869474668,Layer_4,30,40,30 - 40 cm,Subsurface,Subsurface (30-40 cm)
4,th.diff,NT-CC - ST-CC,-5.305164319248865e-4,0.8178, ,-0.003995262246102381,0.0029342293822526085,Layer_4,30,40,30 - 40 cm,Subsurface,Subsurface (30-40 cm)
4,th.diff,NT-CC - ST-NO,-0.0022535211267605618,0.3369, ,-0.005718266940938056,0.0012112246874169332,Layer_4,30,40,30 - 40 cm,Subsurface,Subsurface (30-40 cm)
4,th.diff,NT-NO - ST-CC,1.5727699530514172e-4,0.9455, ,-0.003307468818872353,0.0036220228094826367,Layer_4,30,40,30 - 40 cm,Subsurface,Subsurface (30-40 cm)
4,th.diff,NT-NO - ST-NO,-0.0015657276995305336,0.5003, ,-0.005030473513708028,0.0018990181146469613,Layer_4,30,40,30 - 40 cm,Subsurface,Subsurface (30-40 cm)
4,th.diff,ST-CC - ST-NO,-0.0017230046948356753,0.4592, ,-0.00518775050901317,0.0017417411193418196,Layer_4,30,40,30 - 40 cm,Subsurface,Subsurface (30-40 cm)
4,VolumeW,NT-CC - NT-NO,-0.025322337396256334,0.4669, ,-0.07714743338723032,0.026502758594717644,Layer_4,30,40,30 - 40 cm,Subsurface,Subsurface (30-40 cm)
4,VolumeW,NT-CC - ST-CC,-0.015522519141061064,0.6533, ,-0.06734761513203505,0.036302576849912914,Layer_4,30,40,30 - 40 cm,Subsurface,Subsurface (30-40 cm)
4,VolumeW,NT-CC - ST-NO,-0.04018171094110157,0.2561, ,-0.09200680693207555,0.011643385049872411,Layer_4,30,40,30 - 40 cm,Subsurface,Subsurface (30-40 cm)
4,VolumeW,NT-NO - ST-CC,0.00979981825519527,0.7762, ,-0.04202527773577871,0.06162491424616925,Layer_4,30,40,30 - 40 cm,Subsurface,Subsurface (30-40 cm)
4,VolumeW,NT-NO - ST-NO,-0.014859373544845234,0.6671, ,-0.06668446953581922,0.036965722446128745,Layer_4,30,40,30 - 40 cm,Subsurface,Subsurface (30-40 cm)
4,VolumeW,ST-CC - ST-NO,-0.024659191800040503,0.4783, ,-0.07648428779101449,0.027165904190933475,Layer_4,30,40,30 - 40 cm,Subsurface,Subsurface (30-40 cm)
4,wv.diff,NT-CC - NT-NO,-0.007196357766346362,0.7654, ,-0.04344786797441512,0.029055152441722396,Layer_4,30,40,30 - 40 cm,Subsurface,Subsurface (30-40 cm)
4,wv.diff,NT-CC - ST-CC,-0.005550774249809709,0.8178, ,-0.041802284457878466,0.03070073595825905,Layer_4,30,40,30 - 40 cm,Subsurface,Subsurface (30-40 cm)
4,wv.diff,NT-CC - ST-NO,-0.023578510087688076,0.3369, ,-0.05983002029575683,0.012673000120380681,Layer_4,30,40,30 - 40 cm,Subsurface,Subsurface (30-40 cm)
4,wv.diff,NT-NO - ST-CC,0.0016455835165366528,0.9455, ,-0.034605926691532105,0.03789709372460541,Layer_4,30,40,30 - 40 cm,Subsurface,Subsurface (30-40 cm)
4,wv.diff,NT-NO - ST-NO,-0.016382152321341714,0.5003, ,-0.05263366252941047,0.019869357886727043,Layer_4,30,40,30 - 40 cm,Subsurface,Subsurface (30-40 cm)
4,wv.diff,ST-CC - ST-NO,-0.018027735837878367,0.4592, ,-0.054279246045947124,0.01822377437019039,Layer_4,30,40,30 - 40 cm,Subsurface,Subsurface (30-40 cm)
5,hMean,NT-CC - NT-NO,-105.48824999999988,0.5296, ,-356.0927774649517,145.116277464952,Layer_5,40,60,40 - 60 cm,Bottom1,Bottom (40-60 cm)
5,hMean,NT-CC - ST-CC,-91.58174999999983,0.5844, ,-342.1862774649517,159.02277746495204,Layer_5,40,60,40 - 60 cm,Bottom1,Bottom (40-60 cm)
5,hMean,NT-CC - ST-NO,-206.69974999999977,0.2287, ,-457.3042774649516,43.904777464952105,Layer_5,40,60,40 - 60 cm,Bottom1,Bottom (40-60 cm)
5,hMean,NT-NO - ST-CC,13.906500000000051,0.9334, ,-236.69802746495182,264.5110274649519,Layer_5,40,60,40 - 60 cm,Bottom1,Bottom (40-60 cm)
5,hMean,NT-NO - ST-NO,-101.21149999999989,0.5461, ,-351.81602746495173,149.39302746495198,Layer_5,40,60,40 - 60 cm,Bottom1,Bottom (40-60 cm)
5,hMean,ST-CC - ST-NO,-115.11799999999994,0.4934, ,-365.7225274649518,135.48652746495193,Layer_5,40,60,40 - 60 cm,Bottom1,Bottom (40-60 cm)
5,th,NT-CC - NT-NO,-0.0029615198743506155,0.5114, ,-0.009691057483154089,0.003768017734452859,Layer_5,40,60,40 - 60 cm,Bottom1,Bottom (40-60 cm)
5,th,NT-CC - ST-CC,-0.0020871088558656603,0.6419, ,-0.008816646464669134,0.004642428752937814,Layer_5,40,60,40 - 60 cm,Bottom1,Bottom (40-60 cm)
5,th,NT-CC - ST-NO,-0.005187567959405559,0.2587, ,-0.011917105568209033,0.0015419696493979155,Layer_5,40,60,40 - 60 cm,Bottom1,Bottom (40-60 cm)
5,th,NT-NO - ST-CC,8.744110184849552e-4,0.845, ,-0.005855126590318519,0.00760394862728843,Layer_5,40,60,40 - 60 cm,Bottom1,Bottom (40-60 cm)
5,th,NT-NO - ST-NO,-0.0022260480850549436,0.6202, ,-0.008955585693858417,0.004503489523748531,Layer_5,40,60,40 - 60 cm,Bottom1,Bottom (40-60 cm)
5,th,ST-CC - ST-NO,-0.0031004591035398987,0.4921, ,-0.009829996712343372,0.0036290785052635758,Layer_5,40,60,40 - 60 cm,Bottom1,Bottom (40-60 cm)
5,th.diff,NT-CC - NT-NO,-0.0012761266159236478,0.6743, ,-0.005833302226836297,0.0032810489949890017,Layer_5,40,60,40 - 60 cm,Bottom1,Bottom (40-60 cm)
5,th.diff,NT-CC - ST-CC,-9.90697112480357e-4,0.7439, ,-0.005547872723393007,0.0035664784984322925,Layer_5,40,60,40 - 60 cm,Bottom1,Bottom (40-60 cm)
5,th.diff,NT-CC - ST-NO,-0.002808988764044937,0.3618, ,-0.007366164374957586,0.0017481868468677128,Layer_5,40,60,40 - 60 cm,Bottom1,Bottom (40-60 cm)
5,th.diff,NT-NO - ST-CC,2.8542950344329077e-4,0.92490000000000006, ,-0.004271746107469359,0.00484260511435594,Layer_5,40,60,40 - 60 cm,Bottom1,Bottom (40-60 cm)
5,th.diff,NT-NO - ST-NO,-0.001532862148121289,0.6143, ,-0.0060900377590339385,0.0030243134627913606,Layer_5,40,60,40 - 60 cm,Bottom1,Bottom (40-60 cm)
5,th.diff,ST-CC - ST-NO,-0.0018182916515645797,0.5509, ,-0.006375467262477229,0.00273888395934807,Layer_5,40,60,40 - 60 cm,Bottom1,Bottom (40-60 cm)
5,VolumeW,NT-CC - NT-NO,-0.04816401904370515,0.5114, ,-0.15760835549841473,0.06128031741100444,Layer_5,40,60,40 - 60 cm,Bottom1,Bottom (40-60 cm)
5,VolumeW,NT-CC - ST-CC,-0.033943230147067904,0.6419, ,-0.14338756660177748,0.07550110630764169,Layer_5,40,60,40 - 60 cm,Bottom1,Bottom (40-60 cm)
5,VolumeW,NT-CC - ST-NO,-0.08436685640750952,0.2587, ,-0.1938111928622191,0.025077480047200076,Layer_5,40,60,40 - 60 cm,Bottom1,Bottom (40-60 cm)
5,VolumeW,NT-NO - ST-CC,0.014220788896637249,0.845, ,-0.09522354755807234,0.12366512535134684,Layer_5,40,60,40 - 60 cm,Bottom1,Bottom (40-60 cm)
5,VolumeW,NT-NO - ST-NO,-0.03620283736380436,0.6202, ,-0.14564717381851394,0.07324149909090523,Layer_5,40,60,40 - 60 cm,Bottom1,Bottom (40-60 cm)
5,VolumeW,ST-CC - ST-NO,-0.05042362626044161,0.4921, ,-0.1598679627151512,0.05902071019426798,Layer_5,40,60,40 - 60 cm,Bottom1,Bottom (40-60 cm)
5,wv.diff,NT-CC - NT-NO,-0.020754001066767502,0.6743, ,-0.09486861188214588,0.05336060974861087,Layer_5,40,60,40 - 60 cm,Bottom1,Bottom (40-60 cm)
5,wv.diff,NT-CC - ST-CC,-0.0161119818932538,0.7439, ,-0.09022659270863218,0.05800262892212457,Layer_5,40,60,40 - 60 cm,Bottom1,Bottom (40-60 cm)
5,wv.diff,NT-CC - ST-NO,-0.04568336329489597,0.3618, ,-0.11979797411027435,0.0284312475204824,Layer_5,40,60,40 - 60 cm,Bottom1,Bottom (40-60 cm)
5,wv.diff,NT-NO - ST-CC,0.004642019173513701,0.92490000000000006, ,-0.06947259164186467,0.07875662998889207,Layer_5,40,60,40 - 60 cm,Bottom1,Bottom (40-60 cm)
5,wv.diff,NT-NO - ST-NO,-0.02492936222812847,0.6143, ,-0.09904397304350684,0.0491852485872499,Layer_5,40,60,40 - 60 cm,Bottom1,Bottom (40-60 cm)
5,wv.diff,ST-CC - ST-NO,-0.02957138140164217,0.5509, ,-0.10368599221702055,0.0445432294137362,Layer_5,40,60,40 - 60 cm,Bottom1,Bottom (40-60 cm)
6,hMean,NT-CC - NT-NO,-193.60550000000057,0.5083, ,-630.2919243063999,243.08092430639874,Layer_6,60,100,60 - 100 cm,Bottom2,Bottom (60-100 cm)
6,hMean,NT-CC - ST-CC,-132.20525000000043,0.6498, ,-568.8916743063998,304.4811743063989,Layer_6,60,100,60 - 100 cm,Bottom2,Bottom (60-100 cm)
6,hMean,NT-CC - ST-NO,-344.2610000000004,0.2487, ,-780.9474243063997,92.4254243063989,Layer_6,60,100,60 - 100 cm,Bottom2,Bottom (60-100 cm)
6,hMean,NT-NO - ST-CC,61.40025000000014,0.8324, ,-375.2861743063992,498.08667430639946,Layer_6,60,100,60 - 100 cm,Bottom2,Bottom (60-100 cm)
6,hMean,NT-NO - ST-NO,-150.65549999999985,0.6054, ,-587.3419243063992,286.03092430639947,Layer_6,60,100,60 - 100 cm,Bottom2,Bottom (60-100 cm)
6,hMean,ST-CC - ST-NO,-212.05575,0.4695, ,-648.7421743063993,224.63067430639933,Layer_6,60,100,60 - 100 cm,Bottom2,Bottom (60-100 cm)
6,th,NT-CC - NT-NO,-0.0028123368220309974,0.4919, ,-0.008913697491587422,0.003289023847525426,Layer_6,60,100,60 - 100 cm,Bottom2,Bottom (60-100 cm)
6,th,NT-CC - ST-CC,-0.0015999954593956534,0.6938, ,-0.007701356128952077,0.00450136521016077,Layer_6,60,100,60 - 100 cm,Bottom2,Bottom (60-100 cm)
6,th,NT-CC - ST-NO,-0.004512793152768646,0.2775, ,-0.01061415382232507,0.0015885675167877774,Layer_6,60,100,60 - 100 cm,Bottom2,Bottom (60-100 cm)
6,th,NT-NO - ST-CC,0.001212341362635344,0.7652, ,-0.004889019306921079,0.0073137020321917675,Layer_6,60,100,60 - 100 cm,Bottom2,Bottom (60-100 cm)
6,th,NT-NO - ST-NO,-0.0017004563307376486,0.6758, ,-0.007801817000294072,0.004400904338818775,Layer_6,60,100,60 - 100 cm,Bottom2,Bottom (60-100 cm)
6,th,ST-CC - ST-NO,-0.0029127976933729927,0.4769, ,-0.009014158362929417,0.003188562976183431,Layer_6,60,100,60 - 100 cm,Bottom2,Bottom (60-100 cm)
6,th.diff,NT-CC - NT-NO,-0.0012509364996480948,0.5927, ,-0.004752038331306469,0.0022501653320102797,Layer_6,60,100,60 - 100 cm,Bottom2,Bottom (60-100 cm)
6,th.diff,NT-CC - ST-CC,-5.902785660771431e-4,0.7998, ,-0.004091380397735518,0.0029108232655812314,Layer_6,60,100,60 - 100 cm,Bottom2,Bottom (60-100 cm)
6,th.diff,NT-CC - ST-NO,-0.002043271959497814,0.3871, ,-0.005544373791156188,0.0014578298721605607,Layer_6,60,100,60 - 100 cm,Bottom2,Bottom (60-100 cm)
6,th.diff,NT-NO - ST-CC,6.606579335709517e-4,0.7766, ,-0.002840443898087423,0.004161759765229326,Layer_6,60,100,60 - 100 cm,Bottom2,Bottom (60-100 cm)
6,th.diff,NT-NO - ST-NO,-7.92335459849719e-4,0.7338, ,-0.0042934372915080935,0.0027087663718086555,Layer_6,60,100,60 - 100 cm,Bottom2,Bottom (60-100 cm)
6,th.diff,ST-CC - ST-NO,-0.0014529933934206707,0.5353, ,-0.004954095225079045,0.002048108438237704,Layer_6,60,100,60 - 100 cm,Bottom2,Bottom (60-100 cm)
6,VolumeW,NT-CC - NT-NO,-0.12169949737968189,0.4919, ,-0.3857263810020124,0.14232738624264862,Layer_6,60,100,60 - 100 cm,Bottom2,Bottom (60-100 cm)
6,VolumeW,NT-CC - ST-CC,-0.06923731243457532,0.6938, ,-0.3332641960569058,0.1947895711877552,Layer_6,60,100,60 - 100 cm,Bottom2,Bottom (60-100 cm)
6,VolumeW,NT-CC - ST-NO,-0.1952840976116761,0.2775, ,-0.4593109812340066,0.06874278601065442,Layer_6,60,100,60 - 100 cm,Bottom2,Bottom (60-100 cm)
6,VolumeW,NT-NO - ST-CC,0.05246218494510657,0.7652, ,-0.21156469867722394,0.3164890685674371,Layer_6,60,100,60 - 100 cm,Bottom2,Bottom (60-100 cm)
6,VolumeW,NT-NO - ST-NO,-0.0735846002319942,0.6758, ,-0.3376114838543247,0.1904422833903363,Layer_6,60,100,60 - 100 cm,Bottom2,Bottom (60-100 cm)
6,VolumeW,ST-CC - ST-NO,-0.12604678517710077,0.4769, ,-0.3900736687994313,0.13798009844522974,Layer_6,60,100,60 - 100 cm,Bottom2,Bottom (60-100 cm)
6,wv.diff,NT-CC - NT-NO,-0.054132329409650515,0.5927, ,-0.20563706022642442,0.09737240140712339,Layer_6,60,100,60 - 100 cm,Bottom2,Bottom (60-100 cm)
6,wv.diff,NT-CC - ST-CC,-0.0255433859283285,0.7998, ,-0.1770481167451024,0.1259613448884454,Layer_6,60,100,60 - 100 cm,Bottom2,Bottom (60-100 cm)
6,wv.diff,NT-CC - ST-NO,-0.0884194128288307,0.3871, ,-0.2399241436456046,0.0630853179879432,Layer_6,60,100,60 - 100 cm,Bottom2,Bottom (60-100 cm)
6,wv.diff,NT-NO - ST-CC,0.028588943481322016,0.7766, ,-0.12291578733545189,0.18009367429809592,Layer_6,60,100,60 - 100 cm,Bottom2,Bottom (60-100 cm)
6,wv.diff,NT-NO - ST-NO,-0.03428708341918019,0.7338, ,-0.1857918142359541,0.11721764739759372,Layer_6,60,100,60 - 100 cm,Bottom2,Bottom (60-100 cm)
6,wv.diff,ST-CC - ST-NO,-0.0628760269005022,0.5353, ,-0.2143807577172761,0.0886287039162717,Layer_6,60,100,60 - 100 cm,Bottom2,Bottom (60-100 cm)
