Layer_Number,Variable,Trt,mean,std,r,LCL,UCL,Min,Max,Q25,Q50,Q75,groups,stder,Layer,Depth_Top,Depth_Bottom,Depth_Range,Layer_Name,Layer_Number_Text
0,hMean,NT-CC,-2449.55,175.0849412904109,4,-2594.347507287244,-2304.7524927127565,-2696.6,-2292.9,-2502.875,-2404.3500000000004,-2351.025,a,87.54247064520546,Layer_0,0,100,0 - 100 cm,Entire,Entire (0-100 cm)
0,hMean,NT-NO,-2370.175,273.24188765024047,4,-2514.972507287244,-2225.3774927127565,-2641.7,-2023,-2553.3500000000004,-2408,-2224.825,a,136.62094382512024,Layer_0,0,100,0 - 100 cm,Entire,Entire (0-100 cm)
0,hMean,ST-CC,-2393.225,162.45486296199314,4,-2538.0225072872436,-2248.4274927127562,-2590.1,-2194.9,-2460.4249999999997,-2393.95,-2326.75,a,81.22743148099657,Layer_0,0,100,0 - 100 cm,Entire,Entire (0-100 cm)
0,hMean,ST-NO,-2278.95,100.58808743252526,4,-2423.7475072872435,-2134.152492712756,-2373.4,-2191.7,-2362.15,-2275.3500000000004,-2192.15,a,50.29404371626263,Layer_0,0,100,0 - 100 cm,Entire,Entire (0-100 cm)
0,th,NT-CC,0.17986097465120848,0.004754206762358122,4,0.17563941870126595,0.184082530601151,0.174778934957752,0.18496757712713696,0.17646639811357828,0.1798486932599725,0.18324326979760266,a,0.002377103381179061,Layer_0,0,100,0 - 100 cm,Entire,Entire (0-100 cm)
0,th,NT-NO,0.18214040086460995,0.00790969550053219,4,0.17791884491466742,0.18636195681455248,0.17063273727647868,0.1874729809392808,0.18010168991943407,0.18522794262134012,0.187266653566516,a,0.003954847750266095,Layer_0,0,100,0 - 100 cm,Entire,Entire (0-100 cm)
0,th,ST-CC,0.1830418549813323,0.004232149600109466,4,0.17882029903138977,0.18726341093127483,0.1783258007467086,0.18693259972489684,0.18005010807624286,0.18345450972686184,0.18644625663195127,a,0.002116074800054733,Layer_0,0,100,0 - 100 cm,Entire,Entire (0-100 cm)
0,th,ST-NO,0.17934761249754372,0.004180413354696229,4,0.1751260565476012,0.18356916844748625,0.17605619964629593,0.18508547848300255,0.17634358420121832,0.17812438593043822,0.18112841422676362,a,0.0020902066773481145,Layer_0,0,100,0 - 100 cm,Entire,Entire (0-100 cm)
0,th.diff,NT-CC,0.024309785812536844,4.747590433450228e-4,4,0.024027705186344533,0.024591866438729154,0.023786598545883275,0.024857535861662422,0.024000294753389655,0.02429750442130084,0.024606995480448028,a,2.373795216725114e-4,Layer_0,0,100,0 - 100 cm,Entire,Entire (0-100 cm)
0,th.diff,NT-NO,0.02450874435056003,3.7192951917366815e-4,4,0.02422666372436772,0.02479082497675234,0.024209078404401646,0.025034387895460808,0.02426802908233445,0.024395755551188836,0.02463647081941442,a,1.8596475958683408e-4,Layer_0,0,100,0 - 100 cm,Entire,Entire (0-100 cm)
0,th.diff,ST-CC,0.02443751228139123,2.3977771736711752e-4,4,0.02415543165519892,0.02471959290758354,0.024110827274513635,0.024670858714875205,0.024346629986244844,0.024484181568088043,0.02457506386323443,a,1.1988885868355876e-4,Layer_0,0,100,0 - 100 cm,Entire,Entire (0-100 cm)
0,th.diff,ST-NO,0.024432599724896843,3.4208469951960987e-4,4,0.024150519098704533,0.024714680351089154,0.02408135193554728,0.02475928473177441,0.024169777952446472,0.02444488111613284,0.024707702888583212,a,1.7104234975980493e-4,Layer_0,0,100,0 - 100 cm,Entire,Entire (0-100 cm)
0,VolumeW,NT-CC,17.984754178864254,0.4753851695862044,4,17.562630112433105,18.406878245295403,17.47658816457856,18.49537628795075,17.645321877393577,17.983526131463854,18.32295843293453,a,0.2376925847931022,Layer_0,0,100,0 - 100 cm,Entire,Entire (0-100 cm)
0,VolumeW,NT-NO,18.21267977637857,0.7909104767312811,4,17.790555709947423,18.63480384280972,17.061999362203373,18.74589795763244,18.008823907912102,18.521410892839242,18.72526676130571,a,0.39545523836564056,Layer_0,0,100,0 - 100 cm,Entire,Entire (0-100 cm)
0,VolumeW,ST-CC,18.302818455567966,0.42318335232948756,4,17.880694389136817,18.724942521999115,17.831248253814202,18.69186387201482,18.003666108830423,18.34408084822142,18.643233194958963,a,0.21159167616474378,Layer_0,0,100,0 - 100 cm,Entire,Entire (0-100 cm)
0,VolumeW,ST-NO,17.933421797527515,0.41801011417874995,4,17.511297731096366,18.355545863958664,17.6043050942202,18.507165542994596,17.633041403389573,17.811108276447634,18.11148867058558,a,0.20900505708937497,Layer_0,0,100,0 - 100 cm,Entire,Entire (0-100 cm)
0,wv.diff,NT-CC,2.4307970243526054,0.0474723586109257,4,2.4025910684440115,2.4590029802611992,2.3784822050955476,2.4855679384104636,2.3998502298625146,2.429568976952205,2.460515771442296,a,0.02373617930546285,Layer_0,0,100,0 - 100 cm,Entire,Entire (0-100 cm)
0,wv.diff,NT-NO,2.450691392239092,0.03719017417298729,4,2.422485436330498,2.4788973481476857,2.4207270356693193,2.5032518209762316,2.4266216631912436,2.439393356155408,2.4634630852032564,a,0.018595087086493645,Layer_0,0,100,0 - 100 cm,Entire,Entire (0-100 cm)
0,wv.diff,ST-CC,2.443568717316771,0.023975980964070748,4,2.415362761408177,2.4717746732253647,2.4109026564661207,2.4669016179243783,2.434481166553807,2.448235297438292,2.457322848201256,a,0.011987990482035374,Layer_0,0,100,0 - 100 cm,Entire,Entire (0-100 cm)
0,wv.diff,ST-NO,2.44307749835661,0.03420591510271519,4,2.414871542448016,2.471283454265204,2.4079553427051597,2.4757435592072596,2.4167972839880414,2.44430554575701,2.4705857601255787,a,0.017102957551357593,Layer_0,0,100,0 - 100 cm,Entire,Entire (0-100 cm)
1,hMean,NT-CC,-2216.51875,442.8590030068825,4,-2499.2088020455562,-1933.8286979544441,-2667.674,-1681.909,-2524.52675,-2258.246,-1950.2379999999998,a,221.42950150344126,Layer_1,0,10,0 - 10 cm,Top,Top (0-10 cm)
1,hMean,NT-NO,-2417.76475,349.67180941693994,4,-2700.454802045556,-2135.0746979544438,-2880.516,-2048.584,-2556.459,-2370.9795,-2232.28525,a,174.83590470846997,Layer_1,0,10,0 - 10 cm,Top,Top (0-10 cm)
1,hMean,ST-CC,-2354.0355,240.470061865644,4,-2636.725552045556,-2071.345447954444,-2642.051,-2110.65,-2501.60525,-2331.7205,-2184.15075,a,120.235030932822,Layer_1,0,10,0 - 10 cm,Top,Top (0-10 cm)
1,hMean,ST-NO,-2432.34,405.40216463079395,4,-2715.030052045556,-2149.649947954444,-2826.07,-2021.08,-2755.19575,-2441.105,-2118.24925,a,202.70108231539697,Layer_1,0,10,0 - 10 cm,Top,Top (0-10 cm)
1,th,NT-CC,0.21107104461566029,0.01354502402537101,4,0.19523547597770358,0.226906613253617,0.19320910231141372,0.2242250492743236,0.20472585558143702,0.21342501343845188,0.21977020247267515,a,0.006772512012685505,Layer_1,0,10,0 - 10 cm,Top,Top (0-10 cm)
1,th,NT-NO,0.19207803261064327,0.029001573016799214,4,0.17624246397268656,0.20791360124859998,0.14925640566206774,0.21227378605984593,0.18716627844472317,0.2033909693603297,0.2083027235262498,ab,0.014500786508399607,Layer_1,0,10,0 - 10 cm,Top,Top (0-10 cm)
1,th,ST-CC,0.2084281490772263,0.019976566480554465,4,0.19259258043926958,0.224263717715183,0.18743952696649344,0.2299229528758287,0.19388998387385772,0.20817505823329152,0.22271322343666006,a,0.009988283240277233,Layer_1,0,10,0 - 10 cm,Top,Top (0-10 cm)
1,th,ST-NO,0.17920847518365884,0.016512552405618806,4,0.16337290654570213,0.19504404382161555,0.15662963626590215,0.19463357821179,0.17270202472675145,0.1827853431284716,0.18929179358537895,b,0.008256276202809403,Layer_1,0,10,0 - 10 cm,Top,Top (0-10 cm)
1,th.diff,NT-CC,0.04235128113241354,0.00790821103698949,4,0.03665974710683875,0.04804281515798833,0.03489518007525533,0.05327002329331659,0.037804604909514414,0.040619960580541126,0.045166636803440255,a,0.003954105518494745,Layer_1,0,10,0 - 10 cm,Top,Top (0-10 cm)
1,th.diff,NT-NO,0.03337887475362839,0.007836075475083411,4,0.0276873407280536,0.03907040877920318,0.02356208564773335,0.04038702741444186,0.02885011646658306,0.03478319297616918,0.03931195126321451,b,0.003918037737541706,Layer_1,0,10,0 - 10 cm,Top,Top (0-10 cm)
1,th.diff,ST-CC,0.03825031356387743,0.006818429903687104,4,0.03255877953830264,0.04394184758945222,0.029134563698261923,0.04494714208923134,0.035322970793764535,0.03945977423400823,0.04238711700412113,ab,0.003409214951843552,Layer_1,0,10,0 - 10 cm,Top,Top (0-10 cm)
1,th.diff,ST-NO,0.03283685719405124,0.006977781857697397,4,0.027145323168476447,0.03852839121962603,0.02544346891238128,0.04023472495968464,0.027775040315355673,0.03283461745206952,0.03789643433076508,b,0.0034888909288486986,Layer_1,0,10,0 - 10 cm,Top,Top (0-10 cm)
1,VolumeW,NT-CC,2.314599179326717,0.14853435510385632,4,2.1409467759839087,2.488251582669525,2.118725618962849,2.458845626977751,2.2450180136200286,2.3404127356831337,2.409993901389822,a,0.07426717755192816,Layer_1,0,10,0 - 10 cm,Top,Top (0-10 cm)
1,VolumeW,NT-NO,2.1063223402188047,0.31803043959013455,4,1.9326699368759965,2.279974743561613,1.6367415752536891,2.3277884084070175,2.0524601812372416,2.2303796886072558,2.2842418475888184,ab,0.15901521979506728,Layer_1,0,10,0 - 10 cm,Top,Top (0-10 cm)
1,VolumeW,ST-CC,2.2856172606772667,0.2190624700126509,4,2.1119648573344585,2.459269664020075,2.0554566168942188,2.521328678710125,2.1261921471572833,2.282841873552362,2.4422669870723457,a,0.10953123500632544,Layer_1,0,10,0 - 10 cm,Top,Top (0-10 cm)
1,VolumeW,ST-NO,1.9651951329647874,0.18107618842854292,4,1.7915427296219792,2.138847536307596,1.7175962160960532,2.1343463818959423,1.8938455790015227,2.004418966933577,2.075768520896842,b,0.09053809421427146,Layer_1,0,10,0 - 10 cm,Top,Top (0-10 cm)
1,wv.diff,NT-CC,0.46442296588343357,0.08672122132852837,4,0.4020097627427879,0.5268361690240793,0.38265956996477324,0.5841575874224751,0.41456424142717613,0.44543735307324295,0.4952960775295004,a,0.043360610664264186,Layer_1,0,10,0 - 10 cm,Top,Top (0-10 cm)
1,wv.diff,NT-NO,0.36603180816335135,0.08593018477165655,4,0.30361860502270566,0.42844501130399704,0.2583811730442498,0.44288301448041034,0.316369571291158,0.3814315225643726,0.43109375943656597,b,0.042965092385828275,Layer_1,0,10,0 - 10 cm,Top,Top (0-10 cm)
1,wv.diff,ST-CC,0.41945187008077,0.07477071186200959,4,0.3570386669401243,0.4818650732214157,0.3194888116881751,0.4928891046247159,0.3873507110343026,0.4327147820050945,0.46481594105156193,ab,0.037385355931004796,Layer_1,0,10,0 - 10 cm,Top,Top (0-10 cm)
1,wv.diff,ST-NO,0.3600880587454133,0.0765181609384472,4,0.2976748556047676,0.42250126188605897,0.27901236937097695,0.4412128700158655,0.304580316247314,0.3600634977974053,0.4155712402955046,b,0.0382590804692236,Layer_1,0,10,0 - 10 cm,Top,Top (0-10 cm)
2,hMean,NT-CC,-2132.43575,373.08988939161827,4,-2333.203829132422,-1931.667670867578,-2531.256,-1673.775,-2368.78125,-2162.3559999999998,-1926.0104999999999,a,186.54494469580914,Layer_2,10,20,10 - 20 cm,Top,Top (10-20 cm)
2,hMean,NT-NO,-2239.2555,207.2403246483013,4,-2440.023579132422,-2038.487420867578,-2434.016,-1962.4,-2374.08725,-2280.303,-2145.47125,a,103.62016232415066,Layer_2,10,20,10 - 20 cm,Top,Top (10-20 cm)
2,hMean,ST-CC,-2208.1915,158.32251177159446,4,-2408.959579132422,-2007.4234208675778,-2392.731,-2026.178,-2300.84625,-2206.9285,-2114.2737500000003,a,79.16125588579723,Layer_2,10,20,10 - 20 cm,Top,Top (10-20 cm)
2,hMean,ST-NO,-2222.40325,255.8304632621311,4,-2423.1713291324218,-2021.6351708675777,-2475.596,-1934.218,-2415.7107499999997,-2239.8995,-2046.592,a,127.91523163106555,Layer_2,10,20,10 - 20 cm,Top,Top (10-20 cm)
2,th,NT-CC,0.2087406814429379,0.014652275314228172,4,0.1926779264538908,0.22480343643198497,0.1903137039075399,0.22526642317506376,0.2019612748286386,0.20969129934457398,0.21647070595887327,a,0.007326137657114086,Layer_2,10,20,10 - 20 cm,Top,Top (10-20 cm)
2,th,NT-NO,0.19745334467403813,0.029709312175626605,4,0.18139058968499105,0.2135160996630852,0.15433031470455796,0.21791164256766896,0.18953569820383248,0.20878571071196278,0.2167033571821684,ab,0.014854656087813303,Layer_2,10,20,10 - 20 cm,Top,Top (10-20 cm)
2,th,ST-CC,0.20997148146295092,0.02033335857890631,4,0.19390872647390384,0.226034236451998,0.18912292990443788,0.2322909891429429,0.1949242007304748,0.20923600340221143,0.22428328413468754,a,0.010166679289453156,Layer_2,10,20,10 - 20 cm,Top,Top (10-20 cm)
2,th,ST-NO,0.18463751438434983,0.01531435974534915,4,0.16857475939530275,0.2007002693733969,0.1642267473858008,0.1987091609546205,0.1775103817481363,0.187807074598489,0.19493420723470256,b,0.007657179872674575,Layer_2,10,20,10 - 20 cm,Top,Top (10-20 cm)
2,th.diff,NT-CC,0.039928453494771594,0.007319041917331738,4,0.03470996031515494,0.04514694667438825,0.03329163956571771,0.0497023064992245,0.03495772251963777,0.03835993395707209,0.043330664932205915,a,0.003659520958665869,Layer_2,10,20,10 - 20 cm,Top,Top (10-20 cm)
2,th.diff,NT-NO,0.03380697453344673,0.008096119457390943,4,0.028588481353830075,0.03902546771306338,0.024515935357982688,0.04162705758743179,0.02835843298143794,0.034542452594186215,0.039990994146195,a,0.004048059728695472,Layer_2,10,20,10 - 20 cm,Top,Top (10-20 cm)
2,th.diff,ST-CC,0.037309251013158545,0.005945898717161655,4,0.03209075783354189,0.0425277441927752,0.029609246009906443,0.04406864461900234,0.03531295341972281,0.0377795567118627,0.03977585430529843,a,0.0029729493585808277,Layer_2,10,20,10 - 20 cm,Top,Top (10-20 cm)
2,th.diff,ST-NO,0.03279881923250112,0.005453856159701083,4,0.02758032605288447,0.038017312412117775,0.02797818582078354,0.03919547706008905,0.02841346875469053,0.03201080702456595,0.03639615750237654,a,0.0027269280798505415,Layer_2,10,20,10 - 20 cm,Top,Top (10-20 cm)
2,VolumeW,NT-CC,2.0494146236842488,0.14385594169594423,4,1.891710601911142,2.2071186454573555,1.8684986806572579,2.211664246225153,1.9828544545825455,2.058747783927292,2.125307953028995,a,0.07192797084797212,Layer_2,10,20,10 - 20 cm,Top,Top (10-20 cm)
2,VolumeW,NT-NO,1.938595626272114,0.2916858295730623,4,1.7808916044990073,2.0962996480452207,1.5152140045100628,2.139455059081608,1.860860225826767,2.0498567207483926,2.12759212119374,ab,0.14584291478653116,Layer_2,10,20,10 - 20 cm,Top,Top (10-20 cm)
2,VolumeW,ST-CC,2.0614986101041888,0.19963277944753494,4,1.903794588331082,2.2192026318772955,1.8568076694054458,2.280631388231641,1.9137645078360175,2.054277691389834,2.2020117936580057,a,0.09981638972376747,Layer_2,10,20,10 - 20 cm,Top,Top (10-20 cm)
2,VolumeW,ST-NO,1.8127698896270865,0.15035628224227868,4,1.6550658678539798,1.9704739114001932,1.6123771148297448,1.9509252221721345,1.74279574875227,1.843888610753233,1.9138627516280495,b,0.07517814112113934,Layer_2,10,20,10 - 20 cm,Top,Top (10-20 cm)
2,wv.diff,NT-CC,0.3920172911558242,0.07185830492192787,4,0.34078215978625226,0.4432524225253961,0.32685709609057767,0.48797691502311347,0.3432146874639113,0.3766175767548028,0.42542018044671565,a,0.03592915246096393,Layer_2,10,20,10 - 20 cm,Top,Top (10-20 cm)
2,wv.diff,NT-NO,0.33191665138022736,0.07948764704788677,4,0.2806815200106554,0.38315178274979933,0.24069729047848365,0.408694174853262,0.27842290661878477,0.3391375700945819,0.3926313148560245,a,0.039743823523943386,Layer_2,10,20,10 - 20 cm,Top,Top (10-20 cm)
2,wv.diff,ST-CC,0.36630197859143937,0.05837679410483102,4,0.3150668472218674,0.41753710996101134,0.2907033806227892,0.43266566010907836,0.34670234208104844,0.37091943681694495,0.3905190733273359,a,0.02918839705241551,Layer_2,10,20,10 - 20 cm,Top,Top (10-20 cm)
2,wv.diff,ST-NO,0.32201858933300004,0.053545923544458994,4,0.27078345796342806,0.373253720702572,0.2746896425215677,0.38482093338947787,0.278963247474961,0.3142818907104773,0.35733723256851635,a,0.026772961772229497,Layer_2,10,20,10 - 20 cm,Top,Top (10-20 cm)
3,hMean,NT-CC,-1861.41125,109.16072675455823,4,-1940.1161168183244,-1782.7063831816758,-1953.177,-1721.422,-1945.4144999999999,-1885.5230000000001,-1801.51975,a,54.58036337727911,Layer_3,20,30,20 - 30 cm,Subsurface,Subsurface (20-30 cm)
3,hMean,NT-NO,-1833.42,151.05618053117408,4,-1912.1248668183243,-1754.7151331816758,-2031.243,-1663.334,-1873.779,-1819.5515,-1779.1924999999999,a,75.52809026558704,Layer_3,20,30,20 - 30 cm,Subsurface,Subsurface (20-30 cm)
3,hMean,ST-CC,-1851.74725,79.36380376626364,4,-1930.4521168183242,-1773.0423831816756,-1954.019,-1778.357,-1893.6979999999999,-1837.3065,-1795.35575,a,39.68190188313182,Layer_3,20,30,20 - 30 cm,Subsurface,Subsurface (20-30 cm)
3,hMean,ST-NO,-1798.00325,29.485288550676685,4,-1876.708116818324,-1719.298383181676,-1819.17,-1754.911,-1815.72,-1808.966,-1791.24925,a,14.742644275338343,Layer_3,20,30,20 - 30 cm,Subsurface,Subsurface (20-30 cm)
3,th,NT-CC,0.1862695958195585,0.02989310255747711,4,0.16240308704243836,0.2101361045966786,0.1610536418897302,0.22911378905833424,0.16945984856563934,0.17745547616508478,0.19426522341900396,b,0.014946551278738555,Layer_3,20,30,20 - 30 cm,Subsurface,Subsurface (20-30 cm)
3,th,NT-NO,0.2244481177348832,0.04576721240729967,4,0.20058160895776309,0.24831462651200334,0.18637090753972485,0.28370480964061,0.1894102591447158,0.21385837687959902,0.24889623546976647,a,0.022883606203649834,Layer_3,20,30,20 - 30 cm,Subsurface,Subsurface (20-30 cm)
3,th,ST-CC,0.20975525221286126,0.02635225380418048,4,0.18588874343574113,0.2336217609899814,0.1861469553161992,0.24021542071024848,0.18857043830649461,0.20632931641249866,0.2275141303188653,ab,0.01317612690209024,Layer_3,20,30,20 - 30 cm,Subsurface,Subsurface (20-30 cm)
3,th,ST-NO,0.20962727951370375,0.013054424513519071,4,0.18576077073658362,0.23349378829082387,0.19737655966727097,0.22793004159112726,0.20280740108776796,0.2066012583982084,0.2134211368241442,ab,0.006527212256759536,Layer_3,20,30,20 - 30 cm,Subsurface,Subsurface (20-30 cm)
3,th.diff,NT-CC,0.02278980484163378,0.008685508093958556,4,0.015382564439450828,0.030197045243816733,0.012679961608190238,0.03295297003305961,0.017822864455582815,0.022763143862642637,0.027730084248693602,a,0.004342754046979278,Layer_3,20,30,20 - 30 cm,Subsurface,Subsurface (20-30 cm)
3,th.diff,NT-NO,0.033198251039778165,0.014545289284717593,4,0.025791010637595212,0.04060549144196112,0.020187693292097686,0.04755252212861255,0.020915538018556022,0.03252639436920121,0.044809107390423354,a,0.007272644642358796,Layer_3,20,30,20 - 30 cm,Subsurface,Subsurface (20-30 cm)
3,th.diff,ST-CC,0.026716967047029958,0.007512715708392281,4,0.019309726644847005,0.034124207449212914,0.01675375919803776,0.03440332729017809,0.02354431054708328,0.02785539084995199,0.03102804734989867,a,0.0037563578541961406,Layer_3,20,30,20 - 30 cm,Subsurface,Subsurface (20-30 cm)
3,th.diff,ST-NO,0.025959795243681354,0.005263230199604928,4,0.0185525548414984,0.03336703564586431,0.0201557001173083,0.031150687853257947,0.022235256478617904,0.026266396502079584,0.029990935267143033,a,0.002631615099802464,Layer_3,20,30,20 - 30 cm,Subsurface,Subsurface (20-30 cm)
3,VolumeW,NT-CC,1.715975193527525,0.2753848378771155,4,1.4961092683482058,1.935841118706844,1.48367774726778,2.1106696280162223,1.561118416337031,1.6347766994130486,1.7896334766035427,b,0.13769241893855774,Layer_3,20,30,20 - 30 cm,Subsurface,Subsurface (20-30 cm)
3,VolumeW,NT-NO,2.0676879690022067,0.42162222354264156,4,1.8478220438228876,2.287553894181526,1.716908509551829,2.613579599428205,1.7449079902809588,1.970131883514397,2.2929118622356452,a,0.21081111177132078,Layer_3,20,30,20 - 30 cm,Subsurface,Subsurface (20-30 cm)
3,VolumeW,ST-CC,1.932332584530072,0.24276540474871697,4,1.712466659350753,2.1521985097093914,1.7148453899191565,2.2129414155215694,1.737171291658436,1.900771766339781,2.0959330592114167,ab,0.12138270237435848,Layer_3,20,30,20 - 30 cm,Subsurface,Subsurface (20-30 cm)
3,VolumeW,ST-NO,1.9311536590256877,0.12026154097997031,4,1.7112877338463686,2.151019584205007,1.8182961029288882,2.0997645671006664,1.8683267540212016,1.9032769830365979,1.966103888041084,ab,0.06013077048998516,Layer_3,20,30,20 - 30 cm,Subsurface,Subsurface (20-30 cm)
3,wv.diff,NT-CC,0.20994698357245706,0.08001368321458761,4,0.14170911186443158,0.27818485528048253,0.11681186872608862,0.30357331737898563,0.16418993743353705,0.209701374092377,0.255458420231297,a,0.04000684160729381,Layer_3,20,30,20 - 30 cm,Subsurface,Subsurface (20-30 cm)
3,wv.diff,NT-NO,0.30583292459572226,0.13399586489378285,4,0.23759505288769678,0.37407079630374773,0.18597549831664062,0.43806906867084017,0.19268063712282696,0.2996435656977041,0.4127958531705994,a,0.06699793244689142,Layer_3,20,30,20 - 30 cm,Subsurface,Subsurface (20-30 cm)
3,wv.diff,ST-CC,0.24612525998825358,0.06920954402088243,4,0.1778873882802281,0.31436313169627905,0.15434099728232575,0.31693447309534206,0.21689773185872357,0.25661278478767324,0.28584031291720324,a,0.034604772010441216,Layer_3,20,30,20 - 30 cm,Subsurface,Subsurface (20-30 cm)
3,wv.diff,ST-NO,0.23914995075397916,0.04848656282636677,4,0.17091207904595368,0.30738782246200463,0.18568076694054447,0.2869701165255716,0.20483830638679135,0.24197445977490029,0.2762861041420881,a,0.024243281413183385,Layer_3,20,30,20 - 30 cm,Subsurface,Subsurface (20-30 cm)
4,hMean,NT-CC,-1736.9175,165.2455501175952,4,-1858.4804447390154,-1615.3545552609846,-1943.799,-1580.802,-1831.12275,-1711.5345000000002,-1617.32925,a,82.6227750587976,Layer_4,30,40,30 - 40 cm,Subsurface,Subsurface (30-40 cm)
4,hMean,NT-NO,-1656.5430000000001,215.62781874795283,4,-1778.1059447390155,-1534.9800552609847,-1854.813,-1388.315,-1817.49825,-1691.522,-1530.56675,a,107.81390937397641,Layer_4,30,40,30 - 40 cm,Subsurface,Subsurface (30-40 cm)
4,hMean,ST-CC,-1680.79725,134.25705679125403,4,-1802.3601947390155,-1559.2343052609847,-1852.596,-1525.532,-1726.9755,-1672.5305,-1626.3522500000001,a,67.12852839562701,Layer_4,30,40,30 - 40 cm,Subsurface,Subsurface (30-40 cm)
4,hMean,ST-NO,-1596.817,90.19672605662208,4,-1718.3799447390154,-1475.2540552609846,-1687.109,-1498.548,-1665.3514999999998,-1600.8055,-1532.271,a,45.09836302831104,Layer_4,30,40,30 - 40 cm,Subsurface,Subsurface (30-40 cm)
4,th,NT-CC,0.19569014084507041,0.004433456407614906,4,0.19218770335878232,0.1991925783313585,0.1903474178403756,0.2000093896713615,0.19296009389671362,0.1962018779342723,0.19893192488262912,a,0.002216728203807453,Layer_4,30,40,30 - 40 cm,Subsurface,Subsurface (30-40 cm)
4,th,NT-NO,0.19811032863849765,0.006485090913211265,4,0.19460789115220956,0.20161276612478574,0.19240375586854458,0.2064037558685446,0.19325586854460092,0.1968169014084507,0.20167136150234743,a,0.0032425454566056325,Layer_4,30,40,30 - 40 cm,Subsurface,Subsurface (30-40 cm)
4,th,ST-CC,0.1971737089201878,0.003767860355373183,4,0.1936712714338997,0.20067614640647588,0.1924507042253521,0.2016431924882629,0.1958098591549296,0.19730046948356808,0.19866431924882627,a,0.0018839301776865916,Layer_4,30,40,30 - 40 cm,Subsurface,Subsurface (30-40 cm)
4,th,ST-NO,0.19953051643192488,0.002659162002766838,4,0.19602807894563679,0.20303295391821297,0.1968638497652582,0.20242253521126763,0.1975117370892019,0.19941784037558685,0.20143661971830987,a,0.001329581001383419,Layer_4,30,40,30 - 40 cm,Subsurface,Subsurface (30-40 cm)
4,th.diff,NT-CC,0.04429342723004695,0.003194102280026566,4,0.041843481969754334,0.046743372490339566,0.04058215962441314,0.04724882629107979,0.04216666666666668,0.044671361502347434,0.046798122065727706,a,0.001597051140013283,Layer_4,30,40,30 - 40 cm,Subsurface,Subsurface (30-40 cm)
4,th.diff,NT-NO,0.04498122065727698,0.004729651812306991,4,0.04253127539698437,0.04743116591756959,0.04076995305164316,0.04962441314553989,0.040974178403755834,0.04476525821596243,0.048772300469483575,a,0.0023648259061534956,Layer_4,30,40,30 - 40 cm,Subsurface,Subsurface (30-40 cm)
4,th.diff,ST-CC,0.044823943661971836,0.002411962407027266,4,0.04237399840167923,0.047273888922264445,0.04140845070422536,0.046685446009389675,0.04399295774647889,0.045600938967136156,0.0464319248826291,a,0.001205981203513633,Layer_4,30,40,30 - 40 cm,Subsurface,Subsurface (30-40 cm)
4,th.diff,ST-NO,0.04654694835680751,0.0014873740329214495,4,0.0440970030965149,0.04899689361710012,0.04491079812206572,0.04846009389671363,0.04576291079812206,0.04640845070422535,0.0471924882629108,a,7.436870164607247e-4,Layer_4,30,40,30 - 40 cm,Subsurface,Subsurface (30-40 cm)
4,VolumeW,NT-CC,2.0474988697396244,0.04638709412968407,4,2.010852992928763,2.0841447465504856,1.9915981520733967,2.0926910140743598,2.01893448720631,2.0528531564053702,2.081417538938684,a,0.023193547064842036,Layer_4,30,40,30 - 40 cm,Subsurface,Subsurface (30-40 cm)
4,VolumeW,NT-NO,2.0728212071358807,0.06785327179804752,4,2.0361753303250194,2.109467083946742,2.013113542528412,2.159595036448175,2.022029166655319,2.059288124783468,2.11008016526403,a,0.03392663589902376,Layer_4,30,40,30 - 40 cm,Subsurface,Subsurface (30-40 cm)
4,VolumeW,ST-CC,2.0630213888806854,0.039422986695436604,4,2.026375512069824,2.0996672656915467,2.013604761488572,2.1097854338879336,2.0487514780880325,2.0643476800731175,2.0786175908657705,a,0.019711493347718302,Layer_4,30,40,30 - 40 cm,Subsurface,Subsurface (30-40 cm)
4,VolumeW,ST-NO,2.087680580680726,0.02782271590999674,4,2.0510347038698646,2.124326457491587,2.059779343743628,2.1179396686265926,2.0665581653938387,2.086501655176342,2.107624070463229,a,0.01391135795499837,Layer_4,30,40,30 - 40 cm,Subsurface,Subsurface (30-40 cm)
4,wv.diff,NT-CC,0.4634405279631133,0.03341977669362936,4,0.4378068392667345,0.4890742166594921,0.4246096691624519,0.49436276150519576,0.44118830906785766,0.46739484059240277,0.4896470594876584,a,0.01670988834681468,Layer_4,30,40,30 - 40 cm,Subsurface,Subsurface (30-40 cm)
4,wv.diff,NT-NO,0.47063688572945966,0.04948617594193143,4,0.4450031970330809,0.49627057442583844,0.4265745450030922,0.5192184408893006,0.4287113474797891,0.46837727851272293,0.5103028167623935,a,0.024743087970965714,Layer_4,30,40,30 - 40 cm,Subsurface,Subsurface (30-40 cm)
4,wv.diff,ST-CC,0.468991302212923,0.025236275475690042,4,0.44335761351654424,0.4946249909093018,0.43325512286127066,0.4884681339832737,0.4602967266180881,0.47712097600357384,0.4858155515984087,a,0.012618137737845021,Layer_4,30,40,30 - 40 cm,Subsurface,Subsurface (30-40 cm)
4,wv.diff,ST-NO,0.4870190380508014,0.015562340739985449,4,0.4613853493544226,0.5126527267471801,0.46990005728921913,0.5070362106773283,0.47881568141612657,0.48556994211832905,0.49377329875300385,a,0.007781170369992724,Layer_4,30,40,30 - 40 cm,Subsurface,Subsurface (30-40 cm)
5,hMean,NT-CC,-1851.7672499999999,261.613350821876,4,-2028.9714107665177,-1674.563089233482,-2162.037,-1622.196,-2021.277,-1811.4180000000001,-1641.90825,a,130.806675410938,Layer_5,40,60,40 - 60 cm,Bottom1,Bottom (40-60 cm)
5,hMean,NT-NO,-1746.279,293.91539084006246,4,-1923.4831607665178,-1569.0748392334822,-1995.786,-1383.979,-1980.078,-1802.6755,-1568.8765,a,146.95769542003123,Layer_5,40,60,40 - 60 cm,Bottom1,Bottom (40-60 cm)
5,hMean,ST-CC,-1760.1855,183.77449735386753,4,-1937.3896607665179,-1582.9813392334822,-1988.639,-1538.676,-1817.948,-1756.7134999999998,-1698.951,a,91.88724867693377,Layer_5,40,60,40 - 60 cm,Bottom1,Bottom (40-60 cm)
5,hMean,ST-NO,-1645.0675,154.30961214713753,4,-1822.271660766518,-1467.8633392334823,-1814.092,-1499.244,-1756.0794999999998,-1633.467,-1522.455,a,77.15480607356876,Layer_5,40,60,40 - 60 cm,Bottom1,Bottom (40-60 cm)
5,th,NT-CC,0.19300622206113327,0.006439220256560817,4,0.18824772038369844,0.1977647237385681,0.18560468768877614,0.19877975111755466,0.1886311465506826,0.19382022471910113,0.19819530022955176,a,0.0032196101282804084,Layer_5,40,60,40 - 60 cm,Bottom1,Bottom (40-60 cm)
5,th,NT-NO,0.19596774193548389,0.008271139987780207,4,0.19120924025804906,0.20072624361291871,0.18915669928718135,0.20655430711610487,0.18951008819620635,0.19407998066932464,0.20053763440860217,a,0.004135569993890103,Layer_5,40,60,40 - 60 cm,Bottom1,Bottom (40-60 cm)
5,th,ST-CC,0.19509333091699893,0.004873536912188547,4,0.1903348292395641,0.19985183259443376,0.1893137610245258,0.20123837139060047,0.19343210100277877,0.1949105956264347,0.19657182554065483,a,0.0024367684560942736,Layer_5,40,60,40 - 60 cm,Bottom1,Bottom (40-60 cm)
5,th,ST-NO,0.19819379002053883,0.004420728233046521,4,0.193435288343104,0.20295229169797366,0.1934396520478434,0.202392171076477,0.19494835085175788,0.19847166847891748,0.20171710764769846,a,0.0022103641165232605,Layer_5,40,60,40 - 60 cm,Bottom1,Bottom (40-60 cm)
5,th.diff,NT-CC,0.03418962184366317,0.004865850942378567,4,0.030967212066128888,0.03741203162119745,0.028989972212154186,0.03851637066570013,0.030571161048689156,0.034626072248399184,0.0382445330433732,a,0.0024329254711892836,Layer_5,40,60,40 - 60 cm,Bottom1,Bottom (40-60 cm)
5,th.diff,NT-NO,0.03546574845958682,0.005479973982472576,4,0.032243338682052536,0.0386881582371211,0.029702790866255907,0.041101848495831816,0.03141536788691557,0.035529177238129775,0.039579557810801025,a,0.002739986991236288,Layer_5,40,60,40 - 60 cm,Bottom1,Bottom (40-60 cm)
5,th.diff,ST-CC,0.03518031895614353,0.0029606891813967863,4,0.031957909178609245,0.03840272873367781,0.031255285731545235,0.038413676452821066,0.03422284644194756,0.035526156820103905,0.03648362933429987,a,0.0014803445906983932,Layer_5,40,60,40 - 60 cm,Bottom1,Bottom (40-60 cm)
5,th.diff,ST-NO,0.03699861060770811,0.002787317841918827,4,0.033776200830173825,0.04022102038524239,0.03343602754621239,0.039815150416817685,0.03556542225444,0.03737163223390118,0.03880482058716928,a,0.0013936589209594134,Layer_5,40,60,40 - 60 cm,Bottom1,Bottom (40-60 cm)
5,VolumeW,NT-CC,3.1389137163714995,0.10472282484061012,4,3.0615248839019125,3.2163025488410866,3.0185405101842497,3.2328102206061162,3.067760649992299,3.1521520673478163,3.223305133727017,a,0.05236141242030506,Layer_5,40,60,40 - 60 cm,Bottom1,Bottom (40-60 cm)
5,VolumeW,NT-NO,3.1870777354152047,0.13451584348119455,4,3.1096889029456176,3.2644665678847917,3.076307859899086,3.3592499809513443,3.08205512173296,3.1563765504051937,3.261399164087438,a,0.06725792174059728,Layer_5,40,60,40 - 60 cm,Bottom1,Bottom (40-60 cm)
5,VolumeW,ST-CC,3.1728569465185674,0.07925968239545152,4,3.0954681140489804,3.2502457789881545,3.078862198491919,3.272795443963154,3.145839903709758,3.1698850718095986,3.1969021146184082,a,0.03962984119772576,Layer_5,40,60,40 - 60 cm,Bottom1,Bottom (40-60 cm)
5,VolumeW,ST-NO,3.223280572779009,0.07189552926778306,4,3.145891740309422,3.300669405248596,3.145962708449798,3.2915600082412726,3.1704990955097987,3.227799787212483,3.280581264481693,a,0.03594776463389153,Layer_5,40,60,40 - 60 cm,Bottom1,Bottom (40-60 cm)
5,wv.diff,NT-CC,0.5560353019533053,0.0791346833368592,4,0.5036283580607495,0.6084422458458612,0.4714719579617319,0.6264024179962497,0.4971872705261169,0.5631334159276198,0.6219814473548082,a,0.0395673416684296,Layer_5,40,60,40 - 60 cm,Bottom1,Bottom (40-60 cm)
5,wv.diff,NT-NO,0.5767893030200728,0.08912233665448255,4,0.524382359127517,0.6291962469126287,0.48306472542151235,0.6684507609859605,0.5109168404625939,0.5778208628364092,0.6436933253938881,a,0.044561168327241274,Layer_5,40,60,40 - 60 cm,Bottom1,Bottom (40-60 cm)
5,wv.diff,ST-CC,0.5721472838465591,0.048150509253817905,4,0.5197403399540033,0.624554227739115,0.5083133799737451,0.6247322735317051,0.5565756428094817,0.5777717409403931,0.5933433819774705,a,0.024075254626908953,Layer_5,40,60,40 - 60 cm,Bottom1,Bottom (40-60 cm)
5,wv.diff,ST-NO,0.6017186652482013,0.04533092307829713,4,0.5493117213556454,0.6541256091407571,0.5437793888973093,0.6475248332831369,0.5784103255886012,0.6077852194061795,0.6310935590657796,a,0.022665461539148564,Layer_5,40,60,40 - 60 cm,Bottom1,Bottom (40-60 cm)
6,hMean,NT-CC,-3102.7200000000003,388.16373517885467,4,-3411.5039318791614,-2793.936068120839,-3562.179,-2764.583,-3355.1985,-3042.059,-2789.5805,a,194.08186758942733,Layer_6,60,100,60 - 100 cm,Bottom2,Bottom (60-100 cm)
6,hMean,NT-NO,-2909.1144999999997,534.0664254319556,4,-3217.898431879161,-2600.3305681208385,-3326.681,-2182.674,-3301.91675,-3063.5514999999996,-2670.74925,a,267.0332127159778,Layer_6,60,100,60 - 100 cm,Bottom2,Bottom (60-100 cm)
6,hMean,ST-CC,-2970.51475,330.58284112193434,4,-3279.2986818791605,-2661.730818120839,-3327.755,-2528.941,-3113.258,-3012.6814999999997,-2869.93825,a,165.29142056096717,Layer_6,60,100,60 - 100 cm,Bottom2,Bottom (60-100 cm)
6,hMean,ST-NO,-2758.459,315.89485124536833,4,-3067.242931879161,-2449.6750681208387,-3070.077,-2478.47,-3010.7752499999997,-2742.6445,-2490.32825,a,157.94742562268416,Layer_6,60,100,60 - 100 cm,Bottom2,Bottom (60-100 cm)
6,th,NT-CC,0.15525064136036507,0.004942179426904494,4,0.15093632785645683,0.1595649548642733,0.14963788680273346,0.15957045882807003,0.15182929597929484,0.1558971099053284,0.15931845528639865,a,0.002471089713452247,Layer_6,60,100,60 - 100 cm,Bottom2,Bottom (60-100 cm)
6,th,NT-NO,0.15806297818239606,0.007784338794168418,4,0.15374866467848783,0.1623772916863043,0.15227824823484004,0.168815129293709,0.15235997911321997,0.1555792676005176,0.16128226666969372,a,0.003892169397084209,Layer_6,60,100,60 - 100 cm,Bottom2,Bottom (60-100 cm)
6,th,ST-CC,0.15685063681976072,0.004489732885937643,4,0.15253632331585248,0.16116495032366895,0.15216246282380186,0.16295320907212751,0.15488171725656685,0.15614343769155675,0.1581123572547506,a,0.0022448664429688217,Layer_6,60,100,60 - 100 cm,Bottom2,Bottom (60-100 cm)
6,th,ST-NO,0.1597634345131337,0.0045529988015529915,4,0.15544912100922548,0.16407774801704195,0.15521147864780804,0.1638590596408382,0.15616670828887325,0.15999159988194428,0.16358832610620472,a,0.0022764994007764957,Layer_6,60,100,60 - 100 cm,Bottom2,Bottom (60-100 cm)
6,th.diff,NT-CC,0.007970463368674373,0.0032332367859587556,4,0.005494810521884094,0.010446116215464651,0.004606443117578962,0.011106318250959202,0.0055225100460871285,0.008084546053079664,0.010532499375666908,a,0.0016166183929793778,Layer_6,60,100,60 - 100 cm,Bottom2,Bottom (60-100 cm)
6,th.diff,NT-NO,0.009221399868322468,0.004281371527046335,4,0.006745747021532189,0.011697052715112746,0.005119531409630618,0.01455944786251051,0.006149681022544096,0.008603310100574371,0.011675028946352743,a,0.0021406857635231677,Layer_6,60,100,60 - 100 cm,Bottom2,Bottom (60-100 cm)
6,th.diff,ST-CC,0.008560741934751516,0.0023609435306842625,4,0.006085089087961237,0.011036394781541795,0.0059618135173791775,0.011694326514859132,0.007671351056825662,0.008293413853383877,0.00918280473130973,a,0.0011804717653421312,Layer_6,60,100,60 - 100 cm,Bottom2,Bottom (60-100 cm)
6,th.diff,ST-NO,0.010013735328172187,0.0026646335742715106,4,0.007538082481381908,0.012489388174962465,0.00683133925125437,0.012529797716075985,0.00832803596158651,0.010346902172679195,0.012032601539264873,a,0.0013323167871357553,Layer_6,60,100,60 - 100 cm,Bottom2,Bottom (60-100 cm)
6,VolumeW,NT-CC,6.7182297914746005,0.21386512010326014,4,6.5315345916497,6.904924991299501,6.475346576623404,6.905163166763554,6.570176396882325,6.746204711255722,6.894258105847998,a,0.10693256005163007,Layer_6,60,100,60 - 100 cm,Bottom2,Bottom (60-100 cm)
6,VolumeW,NT-NO,6.839929288854282,0.3368551416964704,4,6.6532340890293815,7.026624488679183,6.589604106756659,7.305211887917997,6.593140883269813,6.732450580371237,6.979238985955707,a,0.1684275708482352,Layer_6,60,100,60 - 100 cm,Bottom2,Bottom (60-100 cm)
6,VolumeW,ST-CC,6.787467103909176,0.19428620046763956,4,6.600771904084275,6.974162303734077,6.584593673363026,7.051546416891284,6.702265175269394,6.756864162691198,6.842066091330979,a,0.09714310023381978,Layer_6,60,100,60 - 100 cm,Bottom2,Bottom (60-100 cm)
6,VolumeW,ST-NO,6.913513889086277,0.19702393446569388,4,6.726818689261376,7.1002090889111775,6.7165350860620485,7.090745689912066,6.7578711615595255,6.923387390185495,7.079030117712246,a,0.09851196723284694,Layer_6,60,100,60 - 100 cm,Bottom2,Bottom (60-100 cm)
6,wv.diff,NT-CC,0.3449093928764644,0.13991328800954708,4,0.23777937033408103,0.45203941541884773,0.19933665403299816,0.48060863062071135,0.23897802411792357,0.349846143426074,0.4557775121846148,a,0.06995664400477354,Layer_6,60,100,60 - 100 cm,Bottom2,Bottom (60-100 cm)
6,wv.diff,NT-NO,0.3990417222861149,0.18526968706434582,4,0.29191169974373155,0.5061717448284982,0.22153975103223722,0.6300374383014358,0.26611787166677225,0.3722948499053933,0.5052187005247359,a,0.09263484353217291,Layer_6,60,100,60 - 100 cm,Bottom2,Bottom (60-100 cm)
6,wv.diff,ST-CC,0.3704527788047929,0.10216615548154262,4,0.26332275626240953,0.47758280134717623,0.2579881978761218,0.5060537727570082,0.3319657732762433,0.35888457229302073,0.3973715778215703,a,0.05108307774077131,Layer_6,60,100,60 - 100 cm,Bottom2,Bottom (60-100 cm)
6,wv.diff,ST-NO,0.4333288057052951,0.11530786929557026,4,0.32619878316291173,0.5404588282476784,0.2956155702243919,0.5422074882247969,0.3603827901215093,0.44774608218599576,0.5206920977697815,a,0.05765393464778513,Layer_6,60,100,60 - 100 cm,Bottom2,Bottom (60-100 cm)
